wave_id,priority_rank,state,municipality,municipality_id,census_gov_id,government_name,government_type,geography_type,population,county_relationship_count,multi_county_flag,county_context_summary,selection_bucket,selection_reason,claim_or_source_need_connection,expected_units_to_search,verification_notes,recommended_scout_status,already_scouted_status,coverage_status_before_run,scout_purpose,anchor_cycle,known_source_cycle_exclusions,known_source_notes,known_source_urls
NY25-2026-07-20,1,NY,Buffalo,ny_buffalo,186634,CITY OF BUFFALO,municipal,place,274678,1,no,Erie County [36029; county; government-units-primary=yes; basis=2020_place_by_county],claim_register_anchor,Manifest priority 19 / NST-2026-07-12-016: next untouched high-priority national claim target and a major western-New York municipal employer.,CLM-2026-07-12-01;CLM-2026-07-12-04;CLM-2026-07-12-05;CLM-2026-07-12-06;CLM-2026-07-12-07; H1;H2;H3;H4;H5;H7,police CBA; fire CBA; one ordinary general-municipal non-safety CBA; public arbitration/factfinding/impasse or wage-setting mechanism material,"Later verification must confirm exact CITY OF BUFFALO employer and Census ID 186634, official/union provenance, visible 2014-2024 operative dates, paid-unit identity, and mutual cycle overlap. Do not substitute Erie County, the State of New York, school districts, MTA/transit agencies, housing authorities, park districts, town/township governments, fire/water/other special districts, universities, regional bodies, or private providers.",ready_for_scout,no,not_scouted,matched_comparison_repair,No canonical anchor cycle is supplied. Seek visibly supported overlapping 2014-2024 police/fire/ordinary-non-safety cycles; label non-overlap or unclear evidence.,None recorded: no CITY OF BUFFALO canonical contract or national queue candidate as of 2026-07-20.,No canonical or queued CITY OF BUFFALO source/cycle is known locally; this is unverified scout-stage matched-set discovery only.,
NY25-2026-07-20,2,NY,Rochester,ny_rochester,131239,CITY OF ROCHESTER,municipal,place,207274,1,no,Monroe County [36055; county; government-units-primary=yes; basis=2020_place_by_county],claim_register_anchor,Manifest priority 20 / NST-2026-07-12-017: next untouched high-priority national claim target and a large Finger Lakes municipal employer.,CLM-2026-07-12-01;CLM-2026-07-12-04;CLM-2026-07-12-05;CLM-2026-07-12-06;CLM-2026-07-12-07; H1;H2;H3;H4;H5;H7,police CBA; fire CBA; one ordinary general-municipal non-safety CBA; public arbitration/factfinding/impasse or wage-setting mechanism material,"Later verification must confirm exact CITY OF ROCHESTER employer and Census ID 131239, official/union provenance, visible 2014-2024 operative dates, paid-unit identity, and mutual cycle overlap. Do not substitute Monroe County, the State of New York, school districts, MTA/transit agencies, housing authorities, park districts, town/township governments, fire/water/other special districts, universities, regional bodies, or private providers.",ready_for_scout,no,not_scouted,matched_comparison_repair,No canonical anchor cycle is supplied. Seek visibly supported overlapping 2014-2024 police/fire/ordinary-non-safety cycles; label non-overlap or unclear evidence.,None recorded: no CITY OF ROCHESTER canonical contract or national queue candidate as of 2026-07-20.,No canonical or queued CITY OF ROCHESTER source/cycle is known locally; this is unverified scout-stage matched-set discovery only.,
NY25-2026-07-20,3,NY,Syracuse,ny_syracuse,170582,CITY OF SYRACUSE,municipal,place,145560,1,no,Onondaga County [36067; county; government-units-primary=yes; basis=2020_place_by_county],claim_register_anchor,Manifest priority 21 / NST-2026-07-12-018: next untouched high-priority national claim target and a central-New York municipal anchor.,CLM-2026-07-12-01;CLM-2026-07-12-04;CLM-2026-07-12-05;CLM-2026-07-12-06;CLM-2026-07-12-07; H1;H2;H3;H4;H5;H7,police CBA; fire CBA; one ordinary general-municipal non-safety CBA; public arbitration/factfinding/impasse or wage-setting mechanism material,"Later verification must confirm exact CITY OF SYRACUSE employer and Census ID 170582, official/union provenance, visible 2014-2024 operative dates, paid-unit identity, and mutual cycle overlap. Do not substitute Onondaga County, the State of New York, school districts, MTA/transit agencies, housing authorities, park districts, town/township governments, fire/water/other special districts, universities, regional bodies, or private providers.",ready_for_scout,no,not_scouted,matched_comparison_repair,No canonical anchor cycle is supplied. Seek visibly supported overlapping 2014-2024 police/fire/ordinary-non-safety cycles; label non-overlap or unclear evidence.,None recorded: no CITY OF SYRACUSE canonical contract or national queue candidate as of 2026-07-20.,No canonical or queued CITY OF SYRACUSE source/cycle is known locally; this is unverified scout-stage matched-set discovery only.,
NY25-2026-07-20,4,NY,Yonkers,ny_yonkers,109593,CITY OF YONKERS,municipal,place,207657,1,no,Westchester County [36119; county; government-units-primary=yes; basis=2020_place_by_county],claim_register_anchor,Manifest priority 22 / NST-2026-07-12-019: next untouched high-priority national claim target and the largest selected Westchester municipal employer.,CLM-2026-07-12-01;CLM-2026-07-12-04;CLM-2026-07-12-05;CLM-2026-07-12-06;CLM-2026-07-12-07; H1;H2;H3;H4;H5;H7,police CBA; fire CBA; one ordinary general-municipal non-safety CBA; public arbitration/factfinding/impasse or wage-setting mechanism material,"Later verification must confirm exact CITY OF YONKERS employer and Census ID 109593, official/union provenance, visible 2014-2024 operative dates, paid-unit identity, and mutual cycle overlap. Do not substitute Westchester County, the State of New York, school districts, MTA/transit agencies, housing authorities, park districts, town/township governments, fire/water/other special districts, universities, regional bodies, or private providers.",ready_for_scout,no,not_scouted,matched_comparison_repair,No canonical anchor cycle is supplied. Seek visibly supported overlapping 2014-2024 police/fire/ordinary-non-safety cycles; label non-overlap or unclear evidence.,None recorded: no CITY OF YONKERS canonical contract or national queue candidate as of 2026-07-20.,No canonical or queued CITY OF YONKERS source/cycle is known locally; this is unverified scout-stage matched-set discovery only.,
NY25-2026-07-20,5,NY,Albany,ny_albany,170440,CITY OF ALBANY,municipal,place,101228,1,no,Albany County [36001; county; government-units-primary=yes; basis=2020_place_by_county],claim_register_anchor,Manifest priority 23 / NST-2026-07-12-020: next untouched high-priority national claim target and the state-capital municipal employer.,CLM-2026-07-12-01;CLM-2026-07-12-04;CLM-2026-07-12-05;CLM-2026-07-12-06;CLM-2026-07-12-07; H1;H2;H3;H4;H5;H7,police CBA; fire CBA; one ordinary general-municipal non-safety CBA; public arbitration/factfinding/impasse or wage-setting mechanism material,"Later verification must confirm exact CITY OF ALBANY employer and Census ID 170440, official/union provenance, visible 2014-2024 operative dates, paid-unit identity, and mutual cycle overlap. Do not substitute Albany County, the State of New York, school districts, MTA/transit agencies, housing authorities, park districts, town/township governments, fire/water/other special districts, universities, regional bodies, or private providers.",ready_for_scout,no,not_scouted,matched_comparison_repair,No canonical anchor cycle is supplied. Seek visibly supported overlapping 2014-2024 police/fire/ordinary-non-safety cycles; label non-overlap or unclear evidence.,None recorded: no CITY OF ALBANY canonical contract or national queue candidate as of 2026-07-20.,No canonical or queued CITY OF ALBANY source/cycle is known locally; this is unverified scout-stage matched-set discovery only.,
NY25-2026-07-20,6,NY,New York,cog_2025_194805,194805,CITY OF NEW YORK,municipal,place,8258035,5,yes,Bronx County [36005; county; government-units-primary=no; basis=2020_place_by_county] | Kings County [36047; county; government-units-primary=no; basis=2020_place_by_county] | New York County [36061; county; government-units-primary=yes; basis=2020_place_by_county] | Queens County [36081; county; government-units-primary=no; basis=2020_place_by_county] | Richmond County [36085; county; government-units-primary=no; basis=2020_place_by_county],large_city_state_anchor,Manifest priority 73: the nation's largest municipal employer and a five-borough administrative anchor for within-state replication.,CLM-2026-07-12-01; CLM-2026-07-12-04; CLM-2026-07-12-05; CLM-2026-07-12-06; CLM-2026-07-12-07; H1; H2; H3; H4; H5; H7,police CBA; fire CBA; one ordinary general-municipal non-safety CBA; public arbitration/factfinding/impasse or wage-setting mechanism material,"Later verification must confirm exact CITY OF NEW YORK employer and Census ID 194805, official/union provenance, visible 2014-2024 operative dates, paid-unit identity, and mutual cycle overlap. Do not substitute Bronx County/Kings County/New York County/Queens County/Richmond County, the State of New York, school districts, MTA/transit agencies, housing authorities, park districts, town/township governments, fire/water/other special districts, universities, regional bodies, or private providers.",ready_for_scout,no,not_scouted,matched_comparison_repair,No canonical anchor cycle is supplied. Seek visibly supported overlapping 2014-2024 police/fire/ordinary-non-safety cycles; label non-overlap or unclear evidence.,None recorded: no CITY OF NEW YORK canonical contract or national queue candidate as of 2026-07-20.,No canonical or queued CITY OF NEW YORK source/cycle is known locally; this is unverified scout-stage matched-set discovery only.,
NY25-2026-07-20,7,NY,Utica,cog_2025_194800,194800,CITY OF UTICA,municipal,place,63607,1,no,Oneida County [36065; county; government-units-primary=yes; basis=2020_place_by_county],mid_city_comparison_candidate,Manifest priority 74: Mohawk Valley city selected as a smaller within-state replication around the five claim anchors.,CLM-2026-07-12-01; CLM-2026-07-12-04; CLM-2026-07-12-05; CLM-2026-07-12-06; CLM-2026-07-12-07; H1; H2; H3; H4; H5; H7,police CBA; fire CBA; one ordinary general-municipal non-safety CBA; public arbitration/factfinding/impasse or wage-setting mechanism material,"Later verification must confirm exact CITY OF UTICA employer and Census ID 194800, official/union provenance, visible 2014-2024 operative dates, paid-unit identity, and mutual cycle overlap. Do not substitute Oneida County, the State of New York, school districts, MTA/transit agencies, housing authorities, park districts, town/township governments, fire/water/other special districts, universities, regional bodies, or private providers.",ready_for_scout,no,not_scouted,matched_comparison_repair,No canonical anchor cycle is supplied. Seek visibly supported overlapping 2014-2024 police/fire/ordinary-non-safety cycles; label non-overlap or unclear evidence.,None recorded: no CITY OF UTICA canonical contract or national queue candidate as of 2026-07-20.,No canonical or queued CITY OF UTICA source/cycle is known locally; this is unverified scout-stage matched-set discovery only.,
NY25-2026-07-20,8,NY,Schenectady,cog_2025_208850,208850,CITY OF SCHENECTADY,municipal,place,68544,1,no,Schenectady County [36093; county; government-units-primary=yes; basis=2020_place_by_county],mid_city_comparison_candidate,Manifest priority 75: Capital Region industrial city adding an employer distinct from Albany and Troy.,CLM-2026-07-12-01; CLM-2026-07-12-04; CLM-2026-07-12-05; CLM-2026-07-12-06; CLM-2026-07-12-07; H1; H2; H3; H4; H5; H7,police CBA; fire CBA; one ordinary general-municipal non-safety CBA; public arbitration/factfinding/impasse or wage-setting mechanism material,"Later verification must confirm exact CITY OF SCHENECTADY employer and Census ID 208850, official/union provenance, visible 2014-2024 operative dates, paid-unit identity, and mutual cycle overlap. Do not substitute Schenectady County, the State of New York, school districts, MTA/transit agencies, housing authorities, park districts, town/township governments, fire/water/other special districts, universities, regional bodies, or private providers.",ready_for_scout,no,not_scouted,matched_comparison_repair,No canonical anchor cycle is supplied. Seek visibly supported overlapping 2014-2024 police/fire/ordinary-non-safety cycles; label non-overlap or unclear evidence.,None recorded: no CITY OF SCHENECTADY canonical contract or national queue candidate as of 2026-07-20.,No canonical or queued CITY OF SCHENECTADY source/cycle is known locally; this is unverified scout-stage matched-set discovery only.,
NY25-2026-07-20,9,NY,White Plains,cog_2025_131303,131303,CITY OF WHITE PLAINS,municipal,place,61288,1,no,Westchester County [36119; county; government-units-primary=yes; basis=2020_place_by_county],mid_city_comparison_candidate,Manifest priority 76: Westchester administrative center selected for suburban municipal-employer comparison.,CLM-2026-07-12-01; CLM-2026-07-12-04; CLM-2026-07-12-05; CLM-2026-07-12-06; CLM-2026-07-12-07; H1; H2; H3; H4; H5; H7,police CBA; fire CBA; one ordinary general-municipal non-safety CBA; public arbitration/factfinding/impasse or wage-setting mechanism material,"Later verification must confirm exact CITY OF WHITE PLAINS employer and Census ID 131303, official/union provenance, visible 2014-2024 operative dates, paid-unit identity, and mutual cycle overlap. Do not substitute Westchester County, the State of New York, school districts, MTA/transit agencies, housing authorities, park districts, town/township governments, fire/water/other special districts, universities, regional bodies, or private providers.",ready_for_scout,no,not_scouted,matched_comparison_repair,No canonical anchor cycle is supplied. Seek visibly supported overlapping 2014-2024 police/fire/ordinary-non-safety cycles; label non-overlap or unclear evidence.,None recorded: no CITY OF WHITE PLAINS canonical contract or national queue candidate as of 2026-07-20.,No canonical or queued CITY OF WHITE PLAINS source/cycle is known locally; this is unverified scout-stage matched-set discovery only.,
NY25-2026-07-20,10,NY,New Rochelle,cog_2025_170680,170680,CITY OF NEW ROCHELLE,municipal,place,83742,1,no,Westchester County [36119; county; government-units-primary=yes; basis=2020_place_by_county],large_city_state_anchor,Manifest priority 77: large Westchester city providing a second downstate municipal comparison outside New York City.,CLM-2026-07-12-01; CLM-2026-07-12-04; CLM-2026-07-12-05; CLM-2026-07-12-06; CLM-2026-07-12-07; H1; H2; H3; H4; H5; H7,police CBA; fire CBA; one ordinary general-municipal non-safety CBA; public arbitration/factfinding/impasse or wage-setting mechanism material,"Later verification must confirm exact CITY OF NEW ROCHELLE employer and Census ID 170680, official/union provenance, visible 2014-2024 operative dates, paid-unit identity, and mutual cycle overlap. Do not substitute Westchester County, the State of New York, school districts, MTA/transit agencies, housing authorities, park districts, town/township governments, fire/water/other special districts, universities, regional bodies, or private providers.",ready_for_scout,no,not_scouted,matched_comparison_repair,No canonical anchor cycle is supplied. Seek visibly supported overlapping 2014-2024 police/fire/ordinary-non-safety cycles; label non-overlap or unclear evidence.,None recorded: no CITY OF NEW ROCHELLE canonical contract or national queue candidate as of 2026-07-20.,No canonical or queued CITY OF NEW ROCHELLE source/cycle is known locally; this is unverified scout-stage matched-set discovery only.,
NY25-2026-07-20,11,NY,Mount Vernon,cog_2025_186665,186665,CITY OF MOUNT VERNON,municipal,place,71168,1,no,Westchester County [36119; county; government-units-primary=yes; basis=2020_place_by_county],large_city_state_anchor,Large unscouted Westchester city selected to deepen downstate safety/non-safety comparison without using a town or special district.,State-scale NY safety/non-safety matched-cycle discovery; regional replication for wage-gap and bargaining-mechanism hypotheses.,police CBA; fire CBA; one ordinary general-municipal non-safety CBA; public arbitration/factfinding/impasse or wage-setting mechanism material,"Later verification must confirm exact CITY OF MOUNT VERNON employer and Census ID 186665, official/union provenance, visible 2014-2024 operative dates, paid-unit identity, and mutual cycle overlap. Do not substitute Westchester County, the State of New York, school districts, MTA/transit agencies, housing authorities, park districts, town/township governments, fire/water/other special districts, universities, regional bodies, or private providers.",ready_for_scout,no,not_scouted,matched_comparison_repair,No canonical anchor cycle is supplied. Seek visibly supported overlapping 2014-2024 police/fire/ordinary-non-safety cycles; label non-overlap or unclear evidence.,None recorded: no CITY OF MOUNT VERNON canonical contract or national queue candidate as of 2026-07-20.,No canonical or queued CITY OF MOUNT VERNON source/cycle is known locally; this is unverified scout-stage matched-set discovery only.,
NY25-2026-07-20,12,NY,Troy,cog_2025_131273,131273,CITY OF TROY,municipal,place,50607,1,no,Rensselaer County [36083; county; government-units-primary=yes; basis=2020_place_by_county],mid_city_comparison_candidate,Capital Region city selected to compare an independent municipal employer with nearby Albany and Schenectady.,State-scale NY safety/non-safety matched-cycle discovery; regional replication for wage-gap and bargaining-mechanism hypotheses.,police CBA; fire CBA; one ordinary general-municipal non-safety CBA; public arbitration/factfinding/impasse or wage-setting mechanism material,"Later verification must confirm exact CITY OF TROY employer and Census ID 131273, official/union provenance, visible 2014-2024 operative dates, paid-unit identity, and mutual cycle overlap. Do not substitute Rensselaer County, the State of New York, school districts, MTA/transit agencies, housing authorities, park districts, town/township governments, fire/water/other special districts, universities, regional bodies, or private providers.",ready_for_scout,no,not_scouted,matched_comparison_repair,No canonical anchor cycle is supplied. Seek visibly supported overlapping 2014-2024 police/fire/ordinary-non-safety cycles; label non-overlap or unclear evidence.,None recorded: no CITY OF TROY canonical contract or national queue candidate as of 2026-07-20.,No canonical or queued CITY OF TROY source/cycle is known locally; this is unverified scout-stage matched-set discovery only.,
NY25-2026-07-20,13,NY,Niagara Falls,cog_2025_194798,194798,CITY OF NIAGARA FALLS,municipal,place,47599,1,no,Niagara County [36063; county; government-units-primary=yes; basis=2020_place_by_county],mid_city_comparison_candidate,Western-New York city selected for regional and municipal labor-market contrast with Buffalo.,State-scale NY safety/non-safety matched-cycle discovery; regional replication for wage-gap and bargaining-mechanism hypotheses.,police CBA; fire CBA; one ordinary general-municipal non-safety CBA; public arbitration/factfinding/impasse or wage-setting mechanism material,"Later verification must confirm exact CITY OF NIAGARA FALLS employer and Census ID 194798, official/union provenance, visible 2014-2024 operative dates, paid-unit identity, and mutual cycle overlap. Do not substitute Niagara County, the State of New York, school districts, MTA/transit agencies, housing authorities, park districts, town/township governments, fire/water/other special districts, universities, regional bodies, or private providers.",ready_for_scout,no,not_scouted,matched_comparison_repair,No canonical anchor cycle is supplied. Seek visibly supported overlapping 2014-2024 police/fire/ordinary-non-safety cycles; label non-overlap or unclear evidence.,None recorded: no CITY OF NIAGARA FALLS canonical contract or national queue candidate as of 2026-07-20.,No canonical or queued CITY OF NIAGARA FALLS source/cycle is known locally; this is unverified scout-stage matched-set discovery only.,
NY25-2026-07-20,14,NY,Binghamton,cog_2025_170449,170449,CITY OF BINGHAMTON,municipal,place,46727,1,no,Broome County [36007; county; government-units-primary=yes; basis=2020_place_by_county],mid_city_comparison_candidate,Southern Tier city selected as a medium-scale municipal employer and regional administrative anchor.,State-scale NY safety/non-safety matched-cycle discovery; regional replication for wage-gap and bargaining-mechanism hypotheses.,police CBA; fire CBA; one ordinary general-municipal non-safety CBA; public arbitration/factfinding/impasse or wage-setting mechanism material,"Later verification must confirm exact CITY OF BINGHAMTON employer and Census ID 170449, official/union provenance, visible 2014-2024 operative dates, paid-unit identity, and mutual cycle overlap. Do not substitute Broome County, the State of New York, school districts, MTA/transit agencies, housing authorities, park districts, town/township governments, fire/water/other special districts, universities, regional bodies, or private providers.",ready_for_scout,no,not_scouted,matched_comparison_repair,No canonical anchor cycle is supplied. Seek visibly supported overlapping 2014-2024 police/fire/ordinary-non-safety cycles; label non-overlap or unclear evidence.,None recorded: no CITY OF BINGHAMTON canonical contract or national queue candidate as of 2026-07-20.,No canonical or queued CITY OF BINGHAMTON source/cycle is known locally; this is unverified scout-stage matched-set discovery only.,
NY25-2026-07-20,15,NY,Poughkeepsie,cog_2025_212071,212071,CITY OF POUGHKEEPSIE,municipal,place,31772,1,no,Dutchess County [36027; county; government-units-primary=yes; basis=2020_place_by_county],regional_diversity_candidate,Hudson Valley city selected for a smaller single-county municipal-employer comparison.,State-scale NY safety/non-safety matched-cycle discovery; regional replication for wage-gap and bargaining-mechanism hypotheses.,police CBA; fire CBA; one ordinary general-municipal non-safety CBA; public arbitration/factfinding/impasse or wage-setting mechanism material,"Later verification must confirm exact CITY OF POUGHKEEPSIE employer and Census ID 212071, official/union provenance, visible 2014-2024 operative dates, paid-unit identity, and mutual cycle overlap. Do not substitute Dutchess County, the State of New York, school districts, MTA/transit agencies, housing authorities, park districts, town/township governments, fire/water/other special districts, universities, regional bodies, or private providers. Allow an empty candidate list if no qualifying city-unit source is found.",ready_for_scout,no,not_scouted,matched_comparison_repair,No canonical anchor cycle is supplied. Seek visibly supported overlapping 2014-2024 police/fire/ordinary-non-safety cycles; label non-overlap or unclear evidence.,None recorded: no CITY OF POUGHKEEPSIE canonical contract or national queue candidate as of 2026-07-20.,No canonical or queued CITY OF POUGHKEEPSIE source/cycle is known locally; this is unverified scout-stage matched-set discovery only.,
NY25-2026-07-20,16,NY,Newburgh,cog_2025_170594,170594,CITY OF NEWBURGH,municipal,place,28237,1,no,Orange County [36071; county; government-units-primary=yes; basis=2020_place_by_county],regional_diversity_candidate,Hudson Valley city selected for an independent Orange County municipal labor-market setting.,State-scale NY safety/non-safety matched-cycle discovery; regional replication for wage-gap and bargaining-mechanism hypotheses.,police CBA; fire CBA; one ordinary general-municipal non-safety CBA; public arbitration/factfinding/impasse or wage-setting mechanism material,"Later verification must confirm exact CITY OF NEWBURGH employer and Census ID 170594, official/union provenance, visible 2014-2024 operative dates, paid-unit identity, and mutual cycle overlap. Do not substitute Orange County, the State of New York, school districts, MTA/transit agencies, housing authorities, park districts, town/township governments, fire/water/other special districts, universities, regional bodies, or private providers. Allow an empty candidate list if no qualifying city-unit source is found.",ready_for_scout,no,not_scouted,matched_comparison_repair,No canonical anchor cycle is supplied. Seek visibly supported overlapping 2014-2024 police/fire/ordinary-non-safety cycles; label non-overlap or unclear evidence.,None recorded: no CITY OF NEWBURGH canonical contract or national queue candidate as of 2026-07-20.,No canonical or queued CITY OF NEWBURGH source/cycle is known locally; this is unverified scout-stage matched-set discovery only.,
NY25-2026-07-20,17,NY,Middletown,cog_2025_211394,211394,CITY OF MIDDLETOWN,municipal,place,30152,1,no,Orange County [36071; county; government-units-primary=yes; basis=2020_place_by_county],regional_diversity_candidate,Orange County city paired regionally with Newburgh while preserving a separate municipal employer.,State-scale NY safety/non-safety matched-cycle discovery; regional replication for wage-gap and bargaining-mechanism hypotheses.,police CBA; fire CBA; one ordinary general-municipal non-safety CBA; public arbitration/factfinding/impasse or wage-setting mechanism material,"Later verification must confirm exact CITY OF MIDDLETOWN employer and Census ID 211394, official/union provenance, visible 2014-2024 operative dates, paid-unit identity, and mutual cycle overlap. Do not substitute Orange County, the State of New York, school districts, MTA/transit agencies, housing authorities, park districts, town/township governments, fire/water/other special districts, universities, regional bodies, or private providers. Allow an empty candidate list if no qualifying city-unit source is found.",ready_for_scout,no,not_scouted,matched_comparison_repair,No canonical anchor cycle is supplied. Seek visibly supported overlapping 2014-2024 police/fire/ordinary-non-safety cycles; label non-overlap or unclear evidence.,None recorded: no CITY OF MIDDLETOWN canonical contract or national queue candidate as of 2026-07-20.,No canonical or queued CITY OF MIDDLETOWN source/cycle is known locally; this is unverified scout-stage matched-set discovery only.,
NY25-2026-07-20,18,NY,Ithaca,cog_2025_208858,208858,CITY OF ITHACA,municipal,place,32724,1,no,Tompkins County [36109; county; government-units-primary=yes; basis=2020_place_by_county],regional_diversity_candidate,Finger Lakes university-region city selected while explicitly excluding university and county substitutes.,State-scale NY safety/non-safety matched-cycle discovery; regional replication for wage-gap and bargaining-mechanism hypotheses.,police CBA; fire CBA; one ordinary general-municipal non-safety CBA; public arbitration/factfinding/impasse or wage-setting mechanism material,"Later verification must confirm exact CITY OF ITHACA employer and Census ID 208858, official/union provenance, visible 2014-2024 operative dates, paid-unit identity, and mutual cycle overlap. Do not substitute Tompkins County, the State of New York, school districts, MTA/transit agencies, housing authorities, park districts, town/township governments, fire/water/other special districts, universities, regional bodies, or private providers. Allow an empty candidate list if no qualifying city-unit source is found.",ready_for_scout,no,not_scouted,matched_comparison_repair,No canonical anchor cycle is supplied. Seek visibly supported overlapping 2014-2024 police/fire/ordinary-non-safety cycles; label non-overlap or unclear evidence.,None recorded: no CITY OF ITHACA canonical contract or national queue candidate as of 2026-07-20.,No canonical or queued CITY OF ITHACA source/cycle is known locally; this is unverified scout-stage matched-set discovery only.,
NY25-2026-07-20,19,NY,Saratoga Springs,cog_2025_212227,212227,CITY OF SARATOGA SPRINGS,municipal,place,28544,1,no,Saratoga County [36091; county; government-units-primary=yes; basis=2020_place_by_county],regional_diversity_candidate,Capital District/northern Hudson city selected for a distinct tourism and municipal-administration setting.,State-scale NY safety/non-safety matched-cycle discovery; regional replication for wage-gap and bargaining-mechanism hypotheses.,police CBA; fire CBA; one ordinary general-municipal non-safety CBA; public arbitration/factfinding/impasse or wage-setting mechanism material,"Later verification must confirm exact CITY OF SARATOGA SPRINGS employer and Census ID 212227, official/union provenance, visible 2014-2024 operative dates, paid-unit identity, and mutual cycle overlap. Do not substitute Saratoga County, the State of New York, school districts, MTA/transit agencies, housing authorities, park districts, town/township governments, fire/water/other special districts, universities, regional bodies, or private providers. Allow an empty candidate list if no qualifying city-unit source is found.",ready_for_scout,no,not_scouted,matched_comparison_repair,No canonical anchor cycle is supplied. Seek visibly supported overlapping 2014-2024 police/fire/ordinary-non-safety cycles; label non-overlap or unclear evidence.,None recorded: no CITY OF SARATOGA SPRINGS canonical contract or national queue candidate as of 2026-07-20.,No canonical or queued CITY OF SARATOGA SPRINGS source/cycle is known locally; this is unverified scout-stage matched-set discovery only.,
NY25-2026-07-20,20,NY,Watertown,cog_2025_212228,212228,CITY OF WATERTOWN,municipal,place,24157,1,no,Jefferson County [36045; county; government-units-primary=yes; basis=2020_place_by_county],regional_diversity_candidate,North Country city selected to extend the batch beyond the major downstate and Thruway labor markets.,State-scale NY safety/non-safety matched-cycle discovery; regional replication for wage-gap and bargaining-mechanism hypotheses.,police CBA; fire CBA; one ordinary general-municipal non-safety CBA; public arbitration/factfinding/impasse or wage-setting mechanism material,"Later verification must confirm exact CITY OF WATERTOWN employer and Census ID 212228, official/union provenance, visible 2014-2024 operative dates, paid-unit identity, and mutual cycle overlap. Do not substitute Jefferson County, the State of New York, school districts, MTA/transit agencies, housing authorities, park districts, town/township governments, fire/water/other special districts, universities, regional bodies, or private providers. Allow an empty candidate list if no qualifying city-unit source is found.",ready_for_scout,no,not_scouted,matched_comparison_repair,No canonical anchor cycle is supplied. Seek visibly supported overlapping 2014-2024 police/fire/ordinary-non-safety cycles; label non-overlap or unclear evidence.,None recorded: no CITY OF WATERTOWN canonical contract or national queue candidate as of 2026-07-20.,No canonical or queued CITY OF WATERTOWN source/cycle is known locally; this is unverified scout-stage matched-set discovery only.,
NY25-2026-07-20,21,NY,Kingston,cog_2025_109582,109582,CITY OF KINGSTON,municipal,place,23777,1,no,Ulster County [36111; county; government-units-primary=yes; basis=2020_place_by_county],regional_diversity_candidate,Mid-Hudson city selected as a smaller independent municipal employer and county-seat comparison.,State-scale NY safety/non-safety matched-cycle discovery; regional replication for wage-gap and bargaining-mechanism hypotheses.,police CBA; fire CBA; one ordinary general-municipal non-safety CBA; public arbitration/factfinding/impasse or wage-setting mechanism material,"Later verification must confirm exact CITY OF KINGSTON employer and Census ID 109582, official/union provenance, visible 2014-2024 operative dates, paid-unit identity, and mutual cycle overlap. Do not substitute Ulster County, the State of New York, school districts, MTA/transit agencies, housing authorities, park districts, town/township governments, fire/water/other special districts, universities, regional bodies, or private providers. Allow an empty candidate list if no qualifying city-unit source is found.",ready_for_scout,no,not_scouted,matched_comparison_repair,No canonical anchor cycle is supplied. Seek visibly supported overlapping 2014-2024 police/fire/ordinary-non-safety cycles; label non-overlap or unclear evidence.,None recorded: no CITY OF KINGSTON canonical contract or national queue candidate as of 2026-07-20.,No canonical or queued CITY OF KINGSTON source/cycle is known locally; this is unverified scout-stage matched-set discovery only.,
NY25-2026-07-20,22,NY,Jamestown,cog_2025_194806,194806,CITY OF JAMESTOWN,municipal,place,27965,1,no,Chautauqua County [36013; county; government-units-primary=yes; basis=2020_place_by_county],clean_municipal_employer_candidate,Smaller western-New York city selected for scale contrast and a potentially clean city-employer boundary.,State-scale NY safety/non-safety matched-cycle discovery; regional replication for wage-gap and bargaining-mechanism hypotheses.,police CBA; fire CBA; one ordinary general-municipal non-safety CBA; public arbitration/factfinding/impasse or wage-setting mechanism material,"Later verification must confirm exact CITY OF JAMESTOWN employer and Census ID 194806, official/union provenance, visible 2014-2024 operative dates, paid-unit identity, and mutual cycle overlap. Do not substitute Chautauqua County, the State of New York, school districts, MTA/transit agencies, housing authorities, park districts, town/township governments, fire/water/other special districts, universities, regional bodies, or private providers. Allow an empty candidate list if no qualifying city-unit source is found.",ready_for_scout,no,not_scouted,matched_comparison_repair,No canonical anchor cycle is supplied. Seek visibly supported overlapping 2014-2024 police/fire/ordinary-non-safety cycles; label non-overlap or unclear evidence.,None recorded: no CITY OF JAMESTOWN canonical contract or national queue candidate as of 2026-07-20.,No canonical or queued CITY OF JAMESTOWN source/cycle is known locally; this is unverified scout-stage matched-set discovery only.,
NY25-2026-07-20,23,NY,Elmira,cog_2025_131211,131211,CITY OF ELMIRA,municipal,place,26176,1,no,Chemung County [36015; county; government-units-primary=yes; basis=2020_place_by_county],clean_municipal_employer_candidate,Smaller Southern Tier city selected for scale and geographic contrast with Binghamton.,State-scale NY safety/non-safety matched-cycle discovery; regional replication for wage-gap and bargaining-mechanism hypotheses.,police CBA; fire CBA; one ordinary general-municipal non-safety CBA; public arbitration/factfinding/impasse or wage-setting mechanism material,"Later verification must confirm exact CITY OF ELMIRA employer and Census ID 131211, official/union provenance, visible 2014-2024 operative dates, paid-unit identity, and mutual cycle overlap. Do not substitute Chemung County, the State of New York, school districts, MTA/transit agencies, housing authorities, park districts, town/township governments, fire/water/other special districts, universities, regional bodies, or private providers. Allow an empty candidate list if no qualifying city-unit source is found.",ready_for_scout,no,not_scouted,matched_comparison_repair,No canonical anchor cycle is supplied. Seek visibly supported overlapping 2014-2024 police/fire/ordinary-non-safety cycles; label non-overlap or unclear evidence.,None recorded: no CITY OF ELMIRA canonical contract or national queue candidate as of 2026-07-20.,No canonical or queued CITY OF ELMIRA source/cycle is known locally; this is unverified scout-stage matched-set discovery only.,
NY25-2026-07-20,24,NY,Rome,cog_2025_170571,170571,CITY OF ROME,municipal,place,31652,1,no,Oneida County [36065; county; government-units-primary=yes; basis=2020_place_by_county],clean_municipal_employer_candidate,Smaller Mohawk Valley city selected as an independent city employer complementing Utica.,State-scale NY safety/non-safety matched-cycle discovery; regional replication for wage-gap and bargaining-mechanism hypotheses.,police CBA; fire CBA; one ordinary general-municipal non-safety CBA; public arbitration/factfinding/impasse or wage-setting mechanism material,"Later verification must confirm exact CITY OF ROME employer and Census ID 170571, official/union provenance, visible 2014-2024 operative dates, paid-unit identity, and mutual cycle overlap. Do not substitute Oneida County, the State of New York, school districts, MTA/transit agencies, housing authorities, park districts, town/township governments, fire/water/other special districts, universities, regional bodies, or private providers. Allow an empty candidate list if no qualifying city-unit source is found.",ready_for_scout,no,not_scouted,matched_comparison_repair,No canonical anchor cycle is supplied. Seek visibly supported overlapping 2014-2024 police/fire/ordinary-non-safety cycles; label non-overlap or unclear evidence.,None recorded: no CITY OF ROME canonical contract or national queue candidate as of 2026-07-20.,No canonical or queued CITY OF ROME source/cycle is known locally; this is unverified scout-stage matched-set discovery only.,
NY25-2026-07-20,25,NY,Auburn,cog_2025_170460,170460,CITY OF AUBURN,municipal,place,25983,1,no,Cayuga County [36011; county; government-units-primary=yes; basis=2020_place_by_county],clean_municipal_employer_candidate,Smaller central-New York city selected for geographic diversity and a potentially clean city-employer boundary.,State-scale NY safety/non-safety matched-cycle discovery; regional replication for wage-gap and bargaining-mechanism hypotheses.,police CBA; fire CBA; one ordinary general-municipal non-safety CBA; public arbitration/factfinding/impasse or wage-setting mechanism material,"Later verification must confirm exact CITY OF AUBURN employer and Census ID 170460, official/union provenance, visible 2014-2024 operative dates, paid-unit identity, and mutual cycle overlap. Do not substitute Cayuga County, the State of New York, school districts, MTA/transit agencies, housing authorities, park districts, town/township governments, fire/water/other special districts, universities, regional bodies, or private providers. Allow an empty candidate list if no qualifying city-unit source is found.",ready_for_scout,no,not_scouted,matched_comparison_repair,No canonical anchor cycle is supplied. Seek visibly supported overlapping 2014-2024 police/fire/ordinary-non-safety cycles; label non-overlap or unclear evidence.,None recorded: no CITY OF AUBURN canonical contract or national queue candidate as of 2026-07-20.,No canonical or queued CITY OF AUBURN source/cycle is known locally; this is unverified scout-stage matched-set discovery only.,
